{"loginFrequency": 0.5830879422236814, "avgSessionDuration": 0.015469296351310757, "featureUsageRate": 0.4437723611712478}