{"loginFrequency": 0.336889104151818, "avgSessionDuration": 0.0029335919682441204, "featureUsageRate": 0.13624836335878573}